{
  "model_performance": {
    "XGBoost": {
      "val_rmse": 0.9230420879514528,
      "val_mae": 0.6236943886800262,
      "val_r2": 0.5653990047263868,
      "test_rmse": 1.091465213830278,
      "test_mae": 0.6472949513105397,
      "test_r2": 0.16253828542360105
    },
    "RandomForest": {
      "val_rmse": 0.8776274532985766,
      "val_mae": 0.5873132602335743,
      "val_r2": 0.6071125931496246,
      "test_rmse": 1.0580941257671694,
      "test_mae": 0.6035221006770441,
      "test_r2": 0.21296549883096982
    },
    "GradientBoosting": {
      "val_rmse": 0.8910810158354029,
      "val_mae": 0.5954112878083238,
      "val_r2": 0.5949747571355826,
      "test_rmse": 1.0680453752234491,
      "test_mae": 0.6240055480597604,
      "test_r2": 0.19809195239527677
    },
    "MLP": {
      "val_rmse": 0.9026376300078289,
      "val_mae": 0.624344416724183,
      "val_r2": 0.5844009193037577,
      "test_rmse": 1.0868980931635692,
      "test_mae": 0.6845964050512113,
      "test_r2": 0.16953216199263277
    }
  },
  "best_model": "RandomForest",
  "u23_model_performance": {
    "val_r2": 0.3856171147411923,
    "test_r2": 0.18304455063901715,
    "val_rmse": 0.8394653544769242
  },
  "feature_count": 28,
  "features_used": [
    "age",
    "age_sq",
    "age_peak_gap",
    "is_u23",
    "perf_score",
    "gls_p90",
    "ast_p90",
    "tklw_p90",
    "int_p90",
    "sh_p90",
    "min",
    "90s",
    "starter_ratio",
    "consistency",
    "market_value",
    "mv_change_rate",
    "perf_trend",
    "peak_perf",
    "lag1_perf",
    "lag2_perf",
    "points",
    "epl_seasons",
    "age_x_perf",
    "age_x_trend",
    "pos_FW",
    "pos_MF",
    "pos_DF",
    "pos_GK"
  ],
  "data_split": {
    "train": 6466,
    "val": 605,
    "test": 303
  },
  "peak_age_by_position": {
    "FW": {
      "peak_age": 35,
      "avg_growth_at_peak": 0.4349978950392023,
      "sample_count": 10
    },
    "MF": {
      "peak_age": 17,
      "avg_growth_at_peak": 0.32590979133766157,
      "sample_count": 6
    },
    "DF": {
      "peak_age": 17,
      "avg_growth_at_peak": 0.4859399639021042,
      "sample_count": 11
    }
  },
  "scout_lists": {
    "hot_prospects": [
      {
        "player": "Emile Smith Rowe",
        "age": 23.0,
        "pos_simple": "MF",
        "team": "Arsenal",
        "market_value": 22000000.0,
        "perf_score": -1.5908675182540295,
        "predicted_growth": 1.7668264417110853
      },
      {
        "player": "Joe Willock",
        "age": 23.0,
        "pos_simple": "MF",
        "team": "Newcastle",
        "market_value": 30000000.0,
        "perf_score": -0.8470909027371215,
        "predicted_growth": 0.8540236312282633
      },
      {
        "player": "Julio Enciso",
        "age": 19.0,
        "pos_simple": "MF",
        "team": "Brighton",
        "market_value": 22000000.0,
        "perf_score": -0.7850807136750647,
        "predicted_growth": 0.84073950601315
      },
      {
        "player": "Reece James",
        "age": 23.0,
        "pos_simple": "DF",
        "team": "Chelsea",
        "market_value": 40000000.0,
        "perf_score": 0.20026630043199975,
        "predicted_growth": 0.8316625011922019
      },
      {
        "player": "Lesley Ugochukwu",
        "age": 19.0,
        "pos_simple": "MF",
        "team": "Chelsea",
        "market_value": 25000000.0,
        "perf_score": -0.6554843205265964,
        "predicted_growth": 0.8013259467316739
      },
      {
        "player": "Jacob Ramsey",
        "age": 22.0,
        "pos_simple": "MF",
        "team": "Aston Villa",
        "market_value": 35000000.0,
        "perf_score": -1.0121699724060997,
        "predicted_growth": 0.7120159723870402
      },
      {
        "player": "Julio Enciso",
        "age": 19.0,
        "pos_simple": "MF",
        "team": "Brighton",
        "market_value": 22000000.0,
        "perf_score": -0.7850807136750647,
        "predicted_growth": 0.7098538470949277
      },
      {
        "player": "Dejan Kulusevski",
        "age": 23.0,
        "pos_simple": "FW",
        "team": "Tottenham",
        "market_value": 55000000.0,
        "perf_score": -0.8965293115020009,
        "predicted_growth": 0.6682613410661228
      },
      {
        "player": "Amad Diallo",
        "age": 21.0,
        "pos_simple": "MF",
        "team": "Man United",
        "market_value": 18000000.0,
        "perf_score": -1.02819952872878,
        "predicted_growth": 0.6295493596303842
      },
      {
        "player": "Rayan Aït-Nouri",
        "age": 22.0,
        "pos_simple": "DF",
        "team": "Wolves",
        "market_value": 35000000.0,
        "perf_score": 0.09904119982011889,
        "predicted_growth": 0.6070867359149075
      },
      {
        "player": "Morgan Rogers",
        "age": 21.0,
        "pos_simple": "MF",
        "team": "Aston Villa",
        "market_value": 15000000.0,
        "perf_score": -1.1703612583763863,
        "predicted_growth": 0.6009164484468934
      },
      {
        "player": "Wilson Odobert",
        "age": 18.0,
        "pos_simple": "FW",
        "team": "Burnley",
        "market_value": 10000000.0,
        "perf_score": -1.312398515244251,
        "predicted_growth": 0.5956532034817269
      },
      {
        "player": "Elliot Anderson",
        "age": 20.0,
        "pos_simple": "FW",
        "team": "Newcastle",
        "market_value": 15000000.0,
        "perf_score": -1.2234886299105887,
        "predicted_growth": 0.5868950167661546
      },
      {
        "player": "Malo Gusto",
        "age": 20.0,
        "pos_simple": "DF",
        "team": "Chelsea",
        "market_value": 35000000.0,
        "perf_score": 0.09553424531788342,
        "predicted_growth": 0.5786914296920901
      },
      {
        "player": "Cameron Archer",
        "age": 22.0,
        "pos_simple": "FW",
        "team": "Sheffield United",
        "market_value": 13000000.0,
        "perf_score": -1.1119940700959452,
        "predicted_growth": 0.5448576276968522
      },
      {
        "player": "Ryan Gravenberch",
        "age": 21.0,
        "pos_simple": "MF",
        "team": "Liverpool",
        "market_value": 35000000.0,
        "perf_score": -0.9754088565727526,
        "predicted_growth": 0.5304128219251221
      },
      {
        "player": "Tommy Doyle",
        "age": 21.0,
        "pos_simple": "MF",
        "team": "Wolves",
        "market_value": 10000000.0,
        "perf_score": -0.8816321441587963,
        "predicted_growth": 0.5172590983379254
      },
      {
        "player": "Yehor Yarmoliuk",
        "age": 19.0,
        "pos_simple": "MF",
        "team": "Brentford",
        "market_value": NaN,
        "perf_score": -0.6123044696515438,
        "predicted_growth": 0.5172385305131979
      },
      {
        "player": "James Mcatee",
        "age": 20.0,
        "pos_simple": "FW",
        "team": "Sheffield United",
        "market_value": NaN,
        "perf_score": -1.058819980768644,
        "predicted_growth": 0.5127551894565768
      },
      {
        "player": "Jakub Kiwior",
        "age": 23.0,
        "pos_simple": "DF",
        "team": "Arsenal",
        "market_value": 30000000.0,
        "perf_score": -0.21783665042917819,
        "predicted_growth": 0.5055669405467069
      }
    ],
    "late_bloomers": [
      {
        "player": "Mark Travers",
        "age": 24.0,
        "pos_simple": "GK",
        "team": "Bournemouth",
        "market_value": 3500000.0,
        "perf_score": -1.4818055614365606,
        "predicted_growth": 0.9266523149081642
      },
      {
        "player": "Aaron Ramsdale",
        "age": 25.0,
        "pos_simple": "GK",
        "team": "Arsenal",
        "market_value": 25000000.0,
        "perf_score": -1.3132269992708538,
        "predicted_growth": 0.853402996993855
      },
      {
        "player": "Arijanet Muric",
        "age": 24.0,
        "pos_simple": "GK",
        "team": "Burnley",
        "market_value": NaN,